index,axis-0,axis-1,axis-2
0.0,30.0,89.7233139507436,53.20585261991453
